{"cameraMode":{"drawMode":0,"name":"Shaded","section":"Shading Mode"},"sceneLighting":true,"audioPlay":false,"sceneViewState":{"m_AlwaysRefresh":false,"showFog":true,"showSkybox":true,"showFlares":true,"showImageEffects":true,"showParticleSystems":true,"showVisualEffectGraphs":true,"m_FxEnabled":true},"in2DMode":false,"pivot":{"x":0.267112135887146,"y":1.3900251388549805,"z":-0.19732964038848878},"rotation":{"x":-0.17156212031841279,"y":-0.5032591819763184,"z":0.10270581394433975,"w":-0.8407036662101746},"size":0.7421577572822571,"orthographic":true}