{"cameraMode":{"drawMode":0,"name":"Shaded","section":"Shading Mode"},"sceneLighting":true,"audioPlay":false,"sceneViewState":{"m_AlwaysRefresh":false,"showFog":true,"showSkybox":true,"showFlares":true,"showImageEffects":true,"showParticleSystems":true,"showVisualEffectGraphs":true,"m_FxEnabled":true},"in2DMode":false,"pivot":{"x":0.0006231069564819336,"y":0.8969532251358032,"z":-0.12219323962926865},"rotation":{"x":-0.045463766902685168,"y":-0.9492948651313782,"z":0.16276656091213227,"w":-0.2651733160018921},"size":3.4758315086364748,"orthographic":true}